{
    "datas": [{
        "iid": "c327531c3d817b25197f11233e3aba70",
        "pic_path": "https://gd3.alicdn.com/imgextra/i3/179209434/TB2B98sXqzyQeBjSszfXXX7OVXa_!!179209434.jpg",
        "adjust_fee": "0.00",
        "title": "高端纯手工茧型韩版宽松双排扣中长款双面羊毛羊绒大衣毛呢外套女",
        "sku_properties_name": "颜色:天蓝色;尺码:S",
        "refund_status": "NO_REFUND",
        "discount_fee": "0.00",
        "payment": "105.00",
        "status": "xxx",
        "num": 1,
        "total_fee": "100.00",
        "price": "10000.00",
        "order_status": "1",
        "order_id": "1982737993871827023",
        "order_time": "2015/12/01 15:39",
        "buyer_nick": "也是好想吃",
        "buyer_name": "陈信宏",
        "buyer_phone": "18282919984",
        "buyer_addr": "广东省,广州市,白云区 人和镇 枫桥新村x巷881983",
        "buyer_avatar": "https://gqianniu.alicdn.com/bao/uploaded/i4//tfscom/TB1b8sPNFXXXXbyXVXXSutbFXXX"
    }, {
        "iid": "c327531c3d817b25197f11aa1e3aba70",
        "pic_path": "https://gd2.alicdn.com/imgextra/i4/TB1FqCONXXXXXXsXpXXYXGcGpXX_M2.SS2",
        "adjust_fee": "0.00",
        "title": "秋冬季男女士浅驼色米色白色粉纯色羊绒围巾羊毛披肩两用超大加厚",
        "sku_properties_name": "颜色:天蓝色;尺码:S",
        "refund_status": "NO_REFUND",
        "discount_fee": "0.00",
        "payment": "105.00",
        "status": "xxx",
        "num": 1,
        "total_fee": "100.00",
        "price": "10000.00",
        "order_status": "0",
        "order_id": "1982737993871827023",
        "order_time": "2015/12/01 15:39",
        "buyer_nick": "睡觉觉加班",
        "buyer_name": "李荣建",
        "buyer_phone": "18282919984",
        "buyer_addr": "山东省,滨州市 人和镇 枫桥新村x巷881983",
        "buyer_avatar": "https://gqianniu.alicdn.com/bao/uploaded/i4//tfscom/TB1UVgJNFXXXXcsXXXXSutbFXXX"
    },{
        "iid": "c327531c3d817b25197f11233e3aba70",
        "pic_path": "https://gd3.alicdn.com/imgextra/i3/179209434/TB2B98sXqzyQeBjSszfXXX7OVXa_!!179209434.jpg",
        "adjust_fee": "0.00",
        "title": "高端纯手工茧型韩版宽松双排扣中长款双面羊毛羊绒大衣毛呢外套女",
        "sku_properties_name": "颜色:天蓝色;尺码:S",
        "refund_status": "NO_REFUND",
        "discount_fee": "0.00",
        "payment": "105.00",
        "status": "xxx",
        "num": 1,
        "total_fee": "100.00",
        "price": "10000.00",
        "order_status": "1",
        "order_id": "1982737993871827023",
        "order_time": "2015/12/01 15:39",
        "buyer_nick": "也是好想吃",
        "buyer_name": "陈信宏",
        "buyer_phone": "18282919984",
        "buyer_addr": "广东省,广州市,白云区 人和镇 枫桥新村x巷881983",
        "buyer_avatar": "https://gqianniu.alicdn.com/bao/uploaded/i4//tfscom/TB1b8sPNFXXXXbyXVXXSutbFXXX"
    }, {
        "iid": "c327531c3d817b25197f11aa1e3aba70",
        "pic_path": "https://gd2.alicdn.com/imgextra/i4/TB1FqCONXXXXXXsXpXXYXGcGpXX_M2.SS2",
        "adjust_fee": "0.00",
        "title": "秋冬季男女士浅驼色米色白色粉纯色羊绒围巾羊毛披肩两用超大加厚",
        "sku_properties_name": "颜色:天蓝色;尺码:S",
        "refund_status": "NO_REFUND",
        "discount_fee": "0.00",
        "payment": "105.00",
        "status": "xxx",
        "num": 1,
        "total_fee": "100.00",
        "price": "10000.00",
        "order_status": "0",
        "order_id": "1982737993871827023",
        "order_time": "2015/12/01 15:39",
        "buyer_nick": "睡觉觉加班",
        "buyer_name": "李荣建",
        "buyer_phone": "18282919984",
        "buyer_addr": "山东省,滨州市 人和镇 枫桥新村x巷881983",
        "buyer_avatar": "https://gqianniu.alicdn.com/bao/uploaded/i4//tfscom/TB1UVgJNFXXXXcsXXXXSutbFXXX"
    },{
        "iid": "c327531c3d817b25197f11233e3aba70",
        "pic_path": "https://gd3.alicdn.com/imgextra/i3/179209434/TB2B98sXqzyQeBjSszfXXX7OVXa_!!179209434.jpg",
        "adjust_fee": "0.00",
        "title": "高端纯手工茧型韩版宽松双排扣中长款双面羊毛羊绒大衣毛呢外套女",
        "sku_properties_name": "颜色:天蓝色;尺码:S",
        "refund_status": "NO_REFUND",
        "discount_fee": "0.00",
        "payment": "105.00",
        "status": "xxx",
        "num": 1,
        "total_fee": "100.00",
        "price": "10000.00",
        "order_status": "1",
        "order_id": "1982737993871827023",
        "order_time": "2015/12/01 15:39",
        "buyer_nick": "也是好想吃",
        "buyer_name": "陈信宏",
        "buyer_phone": "18282919984",
        "buyer_addr": "广东省,广州市,白云区 人和镇 枫桥新村x巷881983",
        "buyer_avatar": "https://gqianniu.alicdn.com/bao/uploaded/i4//tfscom/TB1b8sPNFXXXXbyXVXXSutbFXXX"
    }, {
        "iid": "c327531c3d817b25197f11aa1e3aba70",
        "pic_path": "https://gd2.alicdn.com/imgextra/i4/TB1FqCONXXXXXXsXpXXYXGcGpXX_M2.SS2",
        "adjust_fee": "0.00",
        "title": "秋冬季男女士浅驼色米色白色粉纯色羊绒围巾羊毛披肩两用超大加厚",
        "sku_properties_name": "颜色:天蓝色;尺码:S",
        "refund_status": "NO_REFUND",
        "discount_fee": "0.00",
        "payment": "105.00",
        "status": "xxx",
        "num": 1,
        "total_fee": "100.00",
        "price": "10000.00",
        "order_status": "0",
        "order_id": "1982737993871827023",
        "order_time": "2015/12/01 15:39",
        "buyer_nick": "睡觉觉加班",
        "buyer_name": "李荣建",
        "buyer_phone": "18282919984",
        "buyer_addr": "山东省,滨州市 人和镇 枫桥新村x巷881983",
        "buyer_avatar": "https://gqianniu.alicdn.com/bao/uploaded/i4//tfscom/TB1UVgJNFXXXXcsXXXXSutbFXXX"
    },{
        "iid": "c327531c3d817b25197f11233e3aba70",
        "pic_path": "https://gd3.alicdn.com/imgextra/i3/179209434/TB2B98sXqzyQeBjSszfXXX7OVXa_!!179209434.jpg",
        "adjust_fee": "0.00",
        "title": "高端纯手工茧型韩版宽松双排扣中长款双面羊毛羊绒大衣毛呢外套女",
        "sku_properties_name": "颜色:天蓝色;尺码:S",
        "refund_status": "NO_REFUND",
        "discount_fee": "0.00",
        "payment": "105.00",
        "status": "xxx",
        "num": 1,
        "total_fee": "100.00",
        "price": "10000.00",
        "order_status": "1",
        "order_id": "1982737993871827023",
        "order_time": "2015/12/01 15:39",
        "buyer_nick": "也是好想吃",
        "buyer_name": "陈信宏",
        "buyer_phone": "18282919984",
        "buyer_addr": "广东省,广州市,白云区 人和镇 枫桥新村x巷881983",
        "buyer_avatar": "https://gqianniu.alicdn.com/bao/uploaded/i4//tfscom/TB1b8sPNFXXXXbyXVXXSutbFXXX"
    }, {
        "iid": "c327531c3d817b25197f11aa1e3aba70",
        "pic_path": "https://gd2.alicdn.com/imgextra/i4/TB1FqCONXXXXXXsXpXXYXGcGpXX_M2.SS2",
        "adjust_fee": "0.00",
        "title": "秋冬季男女士浅驼色米色白色粉纯色羊绒围巾羊毛披肩两用超大加厚",
        "sku_properties_name": "颜色:天蓝色;尺码:S",
        "refund_status": "NO_REFUND",
        "discount_fee": "0.00",
        "payment": "105.00",
        "status": "xxx",
        "num": 1,
        "total_fee": "100.00",
        "price": "10000.00",
        "order_status": "0",
        "order_id": "1982737993871827023",
        "order_time": "2015/12/01 15:39",
        "buyer_nick": "睡觉觉加班",
        "buyer_name": "李荣建",
        "buyer_phone": "18282919984",
        "buyer_addr": "山东省,滨州市 人和镇 枫桥新村x巷881983",
        "buyer_avatar": "https://gqianniu.alicdn.com/bao/uploaded/i4//tfscom/TB1UVgJNFXXXXcsXXXXSutbFXXX"
    },{
        "iid": "c327531c3d817b25197f11233e3aba70",
        "pic_path": "https://gd3.alicdn.com/imgextra/i3/179209434/TB2B98sXqzyQeBjSszfXXX7OVXa_!!179209434.jpg",
        "adjust_fee": "0.00",
        "title": "高端纯手工茧型韩版宽松双排扣中长款双面羊毛羊绒大衣毛呢外套女",
        "sku_properties_name": "颜色:天蓝色;尺码:S",
        "refund_status": "NO_REFUND",
        "discount_fee": "0.00",
        "payment": "105.00",
        "status": "xxx",
        "num": 1,
        "total_fee": "100.00",
        "price": "10000.00",
        "order_status": "1",
        "order_id": "1982737993871827023",
        "order_time": "2015/12/01 15:39",
        "buyer_nick": "也是好想吃",
        "buyer_name": "陈信宏",
        "buyer_phone": "18282919984",
        "buyer_addr": "广东省,广州市,白云区 人和镇 枫桥新村x巷881983",
        "buyer_avatar": "https://gqianniu.alicdn.com/bao/uploaded/i4//tfscom/TB1b8sPNFXXXXbyXVXXSutbFXXX"
    }, {
        "iid": "c327531c3d817b25197f11aa1e3aba70",
        "pic_path": "https://gd2.alicdn.com/imgextra/i4/TB1FqCONXXXXXXsXpXXYXGcGpXX_M2.SS2",
        "adjust_fee": "0.00",
        "title": "秋冬季男女士浅驼色米色白色粉纯色羊绒围巾羊毛披肩两用超大加厚",
        "sku_properties_name": "颜色:天蓝色;尺码:S",
        "refund_status": "NO_REFUND",
        "discount_fee": "0.00",
        "payment": "105.00",
        "status": "xxx",
        "num": 1,
        "total_fee": "100.00",
        "price": "10000.00",
        "order_status": "0",
        "order_id": "1982737993871827023",
        "order_time": "2015/12/01 15:39",
        "buyer_nick": "睡觉觉加班",
        "buyer_name": "李荣建",
        "buyer_phone": "18282919984",
        "buyer_addr": "山东省,滨州市 人和镇 枫桥新村x巷881983",
        "buyer_avatar": "https://gqianniu.alicdn.com/bao/uploaded/i4//tfscom/TB1UVgJNFXXXXcsXXXXSutbFXXX"
    },{
        "iid": "c327531c3d817b25197f11233e3aba70",
        "pic_path": "https://gd3.alicdn.com/imgextra/i3/179209434/TB2B98sXqzyQeBjSszfXXX7OVXa_!!179209434.jpg",
        "adjust_fee": "0.00",
        "title": "高端纯手工茧型韩版宽松双排扣中长款双面羊毛羊绒大衣毛呢外套女",
        "sku_properties_name": "颜色:天蓝色;尺码:S",
        "refund_status": "NO_REFUND",
        "discount_fee": "0.00",
        "payment": "105.00",
        "status": "xxx",
        "num": 1,
        "total_fee": "100.00",
        "price": "10000.00",
        "order_status": "1",
        "order_id": "1982737993871827023",
        "order_time": "2015/12/01 15:39",
        "buyer_nick": "也是好想吃",
        "buyer_name": "陈信宏",
        "buyer_phone": "18282919984",
        "buyer_addr": "广东省,广州市,白云区 人和镇 枫桥新村x巷881983",
        "buyer_avatar": "https://gqianniu.alicdn.com/bao/uploaded/i4//tfscom/TB1b8sPNFXXXXbyXVXXSutbFXXX"
    }, {
        "iid": "c327531c3d817b25197f11aa1e3aba70",
        "pic_path": "https://gd2.alicdn.com/imgextra/i4/TB1FqCONXXXXXXsXpXXYXGcGpXX_M2.SS2",
        "adjust_fee": "0.00",
        "title": "秋冬季男女士浅驼色米色白色粉纯色羊绒围巾羊毛披肩两用超大加厚",
        "sku_properties_name": "颜色:天蓝色;尺码:S",
        "refund_status": "NO_REFUND",
        "discount_fee": "0.00",
        "payment": "105.00",
        "status": "xxx",
        "num": 1,
        "total_fee": "100.00",
        "price": "10000.00",
        "order_status": "0",
        "order_id": "1982737993871827023",
        "order_time": "2015/12/01 15:39",
        "buyer_nick": "睡觉觉加班",
        "buyer_name": "李荣建",
        "buyer_phone": "18282919984",
        "buyer_addr": "山东省,滨州市 人和镇 枫桥新村x巷881983",
        "buyer_avatar": "https://gqianniu.alicdn.com/bao/uploaded/i4//tfscom/TB1UVgJNFXXXXcsXXXXSutbFXXX"
    },{
        "iid": "c327531c3d817b25197f11233e3aba70",
        "pic_path": "https://gd3.alicdn.com/imgextra/i3/179209434/TB2B98sXqzyQeBjSszfXXX7OVXa_!!179209434.jpg",
        "adjust_fee": "0.00",
        "title": "高端纯手工茧型韩版宽松双排扣中长款双面羊毛羊绒大衣毛呢外套女",
        "sku_properties_name": "颜色:天蓝色;尺码:S",
        "refund_status": "NO_REFUND",
        "discount_fee": "0.00",
        "payment": "105.00",
        "status": "xxx",
        "num": 1,
        "total_fee": "100.00",
        "price": "10000.00",
        "order_status": "1",
        "order_id": "1982737993871827023",
        "order_time": "2015/12/01 15:39",
        "buyer_nick": "也是好想吃",
        "buyer_name": "陈信宏",
        "buyer_phone": "18282919984",
        "buyer_addr": "广东省,广州市,白云区 人和镇 枫桥新村x巷881983",
        "buyer_avatar": "https://gqianniu.alicdn.com/bao/uploaded/i4//tfscom/TB1b8sPNFXXXXbyXVXXSutbFXXX"
    }, {
        "iid": "c327531c3d817b25197f11aa1e3aba70",
        "pic_path": "https://gd2.alicdn.com/imgextra/i4/TB1FqCONXXXXXXsXpXXYXGcGpXX_M2.SS2",
        "adjust_fee": "0.00",
        "title": "秋冬季男女士浅驼色米色白色粉纯色羊绒围巾羊毛披肩两用超大加厚",
        "sku_properties_name": "颜色:天蓝色;尺码:S",
        "refund_status": "NO_REFUND",
        "discount_fee": "0.00",
        "payment": "105.00",
        "status": "xxx",
        "num": 1,
        "total_fee": "100.00",
        "price": "10000.00",
        "order_status": "0",
        "order_id": "1982737993871827023",
        "order_time": "2015/12/01 15:39",
        "buyer_nick": "睡觉觉加班",
        "buyer_name": "李荣建",
        "buyer_phone": "18282919984",
        "buyer_addr": "山东省,滨州市 人和镇 枫桥新村x巷881983",
        "buyer_avatar": "https://gqianniu.alicdn.com/bao/uploaded/i4//tfscom/TB1UVgJNFXXXXcsXXXXSutbFXXX"
    },{
        "iid": "c327531c3d817b25197f11233e3aba70",
        "pic_path": "https://gd3.alicdn.com/imgextra/i3/179209434/TB2B98sXqzyQeBjSszfXXX7OVXa_!!179209434.jpg",
        "adjust_fee": "0.00",
        "title": "高端纯手工茧型韩版宽松双排扣中长款双面羊毛羊绒大衣毛呢外套女",
        "sku_properties_name": "颜色:天蓝色;尺码:S",
        "refund_status": "NO_REFUND",
        "discount_fee": "0.00",
        "payment": "105.00",
        "status": "xxx",
        "num": 1,
        "total_fee": "100.00",
        "price": "10000.00",
        "order_status": "1",
        "order_id": "1982737993871827023",
        "order_time": "2015/12/01 15:39",
        "buyer_nick": "也是好想吃",
        "buyer_name": "陈信宏",
        "buyer_phone": "18282919984",
        "buyer_addr": "广东省,广州市,白云区 人和镇 枫桥新村x巷881983",
        "buyer_avatar": "https://gqianniu.alicdn.com/bao/uploaded/i4//tfscom/TB1b8sPNFXXXXbyXVXXSutbFXXX"
    }, {
        "iid": "c327531c3d817b25197f11aa1e3aba70",
        "pic_path": "https://gd2.alicdn.com/imgextra/i4/TB1FqCONXXXXXXsXpXXYXGcGpXX_M2.SS2",
        "adjust_fee": "0.00",
        "title": "秋冬季男女士浅驼色米色白色粉纯色羊绒围巾羊毛披肩两用超大加厚",
        "sku_properties_name": "颜色:天蓝色;尺码:S",
        "refund_status": "NO_REFUND",
        "discount_fee": "0.00",
        "payment": "105.00",
        "status": "xxx",
        "num": 1,
        "total_fee": "100.00",
        "price": "10000.00",
        "order_status": "0",
        "order_id": "1982737993871827023",
        "order_time": "2015/12/01 15:39",
        "buyer_nick": "睡觉觉加班",
        "buyer_name": "李荣建",
        "buyer_phone": "18282919984",
        "buyer_addr": "山东省,滨州市 人和镇 枫桥新村x巷881983",
        "buyer_avatar": "https://gqianniu.alicdn.com/bao/uploaded/i4//tfscom/TB1UVgJNFXXXXcsXXXXSutbFXXX"
    },{
        "iid": "c327531c3d817b25197f11233e3aba70",
        "pic_path": "https://gd3.alicdn.com/imgextra/i3/179209434/TB2B98sXqzyQeBjSszfXXX7OVXa_!!179209434.jpg",
        "adjust_fee": "0.00",
        "title": "高端纯手工茧型韩版宽松双排扣中长款双面羊毛羊绒大衣毛呢外套女",
        "sku_properties_name": "颜色:天蓝色;尺码:S",
        "refund_status": "NO_REFUND",
        "discount_fee": "0.00",
        "payment": "105.00",
        "status": "xxx",
        "num": 1,
        "total_fee": "100.00",
        "price": "10000.00",
        "order_status": "1",
        "order_id": "1982737993871827023",
        "order_time": "2015/12/01 15:39",
        "buyer_nick": "也是好想吃",
        "buyer_name": "陈信宏",
        "buyer_phone": "18282919984",
        "buyer_addr": "广东省,广州市,白云区 人和镇 枫桥新村x巷881983",
        "buyer_avatar": "https://gqianniu.alicdn.com/bao/uploaded/i4//tfscom/TB1b8sPNFXXXXbyXVXXSutbFXXX"
    }, {
        "iid": "c327531c3d817b25197f11aa1e3aba70",
        "pic_path": "https://gd2.alicdn.com/imgextra/i4/TB1FqCONXXXXXXsXpXXYXGcGpXX_M2.SS2",
        "adjust_fee": "0.00",
        "title": "秋冬季男女士浅驼色米色白色粉纯色羊绒围巾羊毛披肩两用超大加厚",
        "sku_properties_name": "颜色:天蓝色;尺码:S",
        "refund_status": "NO_REFUND",
        "discount_fee": "0.00",
        "payment": "105.00",
        "status": "xxx",
        "num": 1,
        "total_fee": "100.00",
        "price": "10000.00",
        "order_status": "0",
        "order_id": "1982737993871827023",
        "order_time": "2015/12/01 15:39",
        "buyer_nick": "睡觉觉加班",
        "buyer_name": "李荣建",
        "buyer_phone": "18282919984",
        "buyer_addr": "山东省,滨州市 人和镇 枫桥新村x巷881983",
        "buyer_avatar": "https://gqianniu.alicdn.com/bao/uploaded/i4//tfscom/TB1UVgJNFXXXXcsXXXXSutbFXXX"
    },{
        "iid": "c327531c3d817b25197f11233e3aba70",
        "pic_path": "https://gd3.alicdn.com/imgextra/i3/179209434/TB2B98sXqzyQeBjSszfXXX7OVXa_!!179209434.jpg",
        "adjust_fee": "0.00",
        "title": "高端纯手工茧型韩版宽松双排扣中长款双面羊毛羊绒大衣毛呢外套女",
        "sku_properties_name": "颜色:天蓝色;尺码:S",
        "refund_status": "NO_REFUND",
        "discount_fee": "0.00",
        "payment": "105.00",
        "status": "xxx",
        "num": 1,
        "total_fee": "100.00",
        "price": "10000.00",
        "order_status": "1",
        "order_id": "1982737993871827023",
        "order_time": "2015/12/01 15:39",
        "buyer_nick": "也是好想吃",
        "buyer_name": "陈信宏",
        "buyer_phone": "18282919984",
        "buyer_addr": "广东省,广州市,白云区 人和镇 枫桥新村x巷881983",
        "buyer_avatar": "https://gqianniu.alicdn.com/bao/uploaded/i4//tfscom/TB1b8sPNFXXXXbyXVXXSutbFXXX"
    }, {
        "iid": "c327531c3d817b25197f11aa1e3aba70",
        "pic_path": "https://gd2.alicdn.com/imgextra/i4/TB1FqCONXXXXXXsXpXXYXGcGpXX_M2.SS2",
        "adjust_fee": "0.00",
        "title": "秋冬季男女士浅驼色米色白色粉纯色羊绒围巾羊毛披肩两用超大加厚",
        "sku_properties_name": "颜色:天蓝色;尺码:S",
        "refund_status": "NO_REFUND",
        "discount_fee": "0.00",
        "payment": "105.00",
        "status": "xxx",
        "num": 1,
        "total_fee": "100.00",
        "price": "10000.00",
        "order_status": "0",
        "order_id": "1982737993871827023",
        "order_time": "2015/12/01 15:39",
        "buyer_nick": "睡觉觉加班",
        "buyer_name": "李荣建",
        "buyer_phone": "18282919984",
        "buyer_addr": "山东省,滨州市 人和镇 枫桥新村x巷881983",
        "buyer_avatar": "https://gqianniu.alicdn.com/bao/uploaded/i4//tfscom/TB1UVgJNFXXXXcsXXXXSutbFXXX"
    },{
        "iid": "c327531c3d817b25197f11233e3aba70",
        "pic_path": "https://gd3.alicdn.com/imgextra/i3/179209434/TB2B98sXqzyQeBjSszfXXX7OVXa_!!179209434.jpg",
        "adjust_fee": "0.00",
        "title": "高端纯手工茧型韩版宽松双排扣中长款双面羊毛羊绒大衣毛呢外套女",
        "sku_properties_name": "颜色:天蓝色;尺码:S",
        "refund_status": "NO_REFUND",
        "discount_fee": "0.00",
        "payment": "105.00",
        "status": "xxx",
        "num": 1,
        "total_fee": "100.00",
        "price": "10000.00",
        "order_status": "1",
        "order_id": "1982737993871827023",
        "order_time": "2015/12/01 15:39",
        "buyer_nick": "也是好想吃",
        "buyer_name": "陈信宏",
        "buyer_phone": "18282919984",
        "buyer_addr": "广东省,广州市,白云区 人和镇 枫桥新村x巷881983",
        "buyer_avatar": "https://gqianniu.alicdn.com/bao/uploaded/i4//tfscom/TB1b8sPNFXXXXbyXVXXSutbFXXX"
    }, {
        "iid": "c327531c3d817b25197f11aa1e3aba70",
        "pic_path": "https://gd2.alicdn.com/imgextra/i4/TB1FqCONXXXXXXsXpXXYXGcGpXX_M2.SS2",
        "adjust_fee": "0.00",
        "title": "秋冬季男女士浅驼色米色白色粉纯色羊绒围巾羊毛披肩两用超大加厚",
        "sku_properties_name": "颜色:天蓝色;尺码:S",
        "refund_status": "NO_REFUND",
        "discount_fee": "0.00",
        "payment": "105.00",
        "status": "xxx",
        "num": 1,
        "total_fee": "100.00",
        "price": "10000.00",
        "order_status": "0",
        "order_id": "1982737993871827023",
        "order_time": "2015/12/01 15:39",
        "buyer_nick": "睡觉觉加班",
        "buyer_name": "李荣建",
        "buyer_phone": "18282919984",
        "buyer_addr": "山东省,滨州市 人和镇 枫桥新村x巷881983",
        "buyer_avatar": "https://gqianniu.alicdn.com/bao/uploaded/i4//tfscom/TB1UVgJNFXXXXcsXXXXSutbFXXX"
    },{
        "iid": "c327531c3d817b25197f11233e3aba70",
        "pic_path": "https://gd3.alicdn.com/imgextra/i3/179209434/TB2B98sXqzyQeBjSszfXXX7OVXa_!!179209434.jpg",
        "adjust_fee": "0.00",
        "title": "高端纯手工茧型韩版宽松双排扣中长款双面羊毛羊绒大衣毛呢外套女",
        "sku_properties_name": "颜色:天蓝色;尺码:S",
        "refund_status": "NO_REFUND",
        "discount_fee": "0.00",
        "payment": "105.00",
        "status": "xxx",
        "num": 1,
        "total_fee": "100.00",
        "price": "10000.00",
        "order_status": "1",
        "order_id": "1982737993871827023",
        "order_time": "2015/12/01 15:39",
        "buyer_nick": "也是好想吃",
        "buyer_name": "陈信宏",
        "buyer_phone": "18282919984",
        "buyer_addr": "广东省,广州市,白云区 人和镇 枫桥新村x巷881983",
        "buyer_avatar": "https://gqianniu.alicdn.com/bao/uploaded/i4//tfscom/TB1b8sPNFXXXXbyXVXXSutbFXXX"
    }, {
        "iid": "c327531c3d817b25197f11aa1e3aba70",
        "pic_path": "https://gd2.alicdn.com/imgextra/i4/TB1FqCONXXXXXXsXpXXYXGcGpXX_M2.SS2",
        "adjust_fee": "0.00",
        "title": "秋冬季男女士浅驼色米色白色粉纯色羊绒围巾羊毛披肩两用超大加厚",
        "sku_properties_name": "颜色:天蓝色;尺码:S",
        "refund_status": "NO_REFUND",
        "discount_fee": "0.00",
        "payment": "105.00",
        "status": "xxx",
        "num": 1,
        "total_fee": "100.00",
        "price": "10000.00",
        "order_status": "0",
        "order_id": "1982737993871827023",
        "order_time": "2015/12/01 15:39",
        "buyer_nick": "睡觉觉加班",
        "buyer_name": "李荣建",
        "buyer_phone": "18282919984",
        "buyer_addr": "山东省,滨州市 人和镇 枫桥新村x巷881983",
        "buyer_avatar": "https://gqianniu.alicdn.com/bao/uploaded/i4//tfscom/TB1UVgJNFXXXXcsXXXXSutbFXXX"
    },{
        "iid": "c327531c3d817b25197f11233e3aba70",
        "pic_path": "https://gd3.alicdn.com/imgextra/i3/179209434/TB2B98sXqzyQeBjSszfXXX7OVXa_!!179209434.jpg",
        "adjust_fee": "0.00",
        "title": "高端纯手工茧型韩版宽松双排扣中长款双面羊毛羊绒大衣毛呢外套女",
        "sku_properties_name": "颜色:天蓝色;尺码:S",
        "refund_status": "NO_REFUND",
        "discount_fee": "0.00",
        "payment": "105.00",
        "status": "xxx",
        "num": 1,
        "total_fee": "100.00",
        "price": "10000.00",
        "order_status": "1",
        "order_id": "1982737993871827023",
        "order_time": "2015/12/01 15:39",
        "buyer_nick": "也是好想吃",
        "buyer_name": "陈信宏",
        "buyer_phone": "18282919984",
        "buyer_addr": "广东省,广州市,白云区 人和镇 枫桥新村x巷881983",
        "buyer_avatar": "https://gqianniu.alicdn.com/bao/uploaded/i4//tfscom/TB1b8sPNFXXXXbyXVXXSutbFXXX"
    }, {
        "iid": "c327531c3d817b25197f11aa1e3aba70",
        "pic_path": "https://gd2.alicdn.com/imgextra/i4/TB1FqCONXXXXXXsXpXXYXGcGpXX_M2.SS2",
        "adjust_fee": "0.00",
        "title": "秋冬季男女士浅驼色米色白色粉纯色羊绒围巾羊毛披肩两用超大加厚",
        "sku_properties_name": "颜色:天蓝色;尺码:S",
        "refund_status": "NO_REFUND",
        "discount_fee": "0.00",
        "payment": "105.00",
        "status": "xxx",
        "num": 1,
        "total_fee": "100.00",
        "price": "10000.00",
        "order_status": "0",
        "order_id": "1982737993871827023",
        "order_time": "2015/12/01 15:39",
        "buyer_nick": "睡觉觉加班",
        "buyer_name": "李荣建",
        "buyer_phone": "18282919984",
        "buyer_addr": "山东省,滨州市 人和镇 枫桥新村x巷881983",
        "buyer_avatar": "https://gqianniu.alicdn.com/bao/uploaded/i4//tfscom/TB1UVgJNFXXXXcsXXXXSutbFXXX"
    },{
        "iid": "c327531c3d817b25197f11233e3aba70",
        "pic_path": "https://gd3.alicdn.com/imgextra/i3/179209434/TB2B98sXqzyQeBjSszfXXX7OVXa_!!179209434.jpg",
        "adjust_fee": "0.00",
        "title": "高端纯手工茧型韩版宽松双排扣中长款双面羊毛羊绒大衣毛呢外套女",
        "sku_properties_name": "颜色:天蓝色;尺码:S",
        "refund_status": "NO_REFUND",
        "discount_fee": "0.00",
        "payment": "105.00",
        "status": "xxx",
        "num": 1,
        "total_fee": "100.00",
        "price": "10000.00",
        "order_status": "1",
        "order_id": "1982737993871827023",
        "order_time": "2015/12/01 15:39",
        "buyer_nick": "也是好想吃",
        "buyer_name": "陈信宏",
        "buyer_phone": "18282919984",
        "buyer_addr": "广东省,广州市,白云区 人和镇 枫桥新村x巷881983",
        "buyer_avatar": "https://gqianniu.alicdn.com/bao/uploaded/i4//tfscom/TB1b8sPNFXXXXbyXVXXSutbFXXX"
    }, {
        "iid": "c327531c3d817b25197f11aa1e3aba70",
        "pic_path": "https://gd2.alicdn.com/imgextra/i4/TB1FqCONXXXXXXsXpXXYXGcGpXX_M2.SS2",
        "adjust_fee": "0.00",
        "title": "秋冬季男女士浅驼色米色白色粉纯色羊绒围巾羊毛披肩两用超大加厚",
        "sku_properties_name": "颜色:天蓝色;尺码:S",
        "refund_status": "NO_REFUND",
        "discount_fee": "0.00",
        "payment": "105.00",
        "status": "xxx",
        "num": 1,
        "total_fee": "100.00",
        "price": "10000.00",
        "order_status": "0",
        "order_id": "1982737993871827023",
        "order_time": "2015/12/01 15:39",
        "buyer_nick": "睡觉觉加班",
        "buyer_name": "李荣建",
        "buyer_phone": "18282919984",
        "buyer_addr": "山东省,滨州市 人和镇 枫桥新村x巷881983",
        "buyer_avatar": "https://gqianniu.alicdn.com/bao/uploaded/i4//tfscom/TB1UVgJNFXXXXcsXXXXSutbFXXX"
    },{
        "iid": "c327531c3d817b25197f11233e3aba70",
        "pic_path": "https://gd3.alicdn.com/imgextra/i3/179209434/TB2B98sXqzyQeBjSszfXXX7OVXa_!!179209434.jpg",
        "adjust_fee": "0.00",
        "title": "高端纯手工茧型韩版宽松双排扣中长款双面羊毛羊绒大衣毛呢外套女",
        "sku_properties_name": "颜色:天蓝色;尺码:S",
        "refund_status": "NO_REFUND",
        "discount_fee": "0.00",
        "payment": "105.00",
        "status": "xxx",
        "num": 1,
        "total_fee": "100.00",
        "price": "10000.00",
        "order_status": "1",
        "order_id": "1982737993871827023",
        "order_time": "2015/12/01 15:39",
        "buyer_nick": "也是好想吃",
        "buyer_name": "陈信宏",
        "buyer_phone": "18282919984",
        "buyer_addr": "广东省,广州市,白云区 人和镇 枫桥新村x巷881983",
        "buyer_avatar": "https://gqianniu.alicdn.com/bao/uploaded/i4//tfscom/TB1b8sPNFXXXXbyXVXXSutbFXXX"
    }, {
        "iid": "c327531c3d817b25197f11aa1e3aba70",
        "pic_path": "https://gd2.alicdn.com/imgextra/i4/TB1FqCONXXXXXXsXpXXYXGcGpXX_M2.SS2",
        "adjust_fee": "0.00",
        "title": "秋冬季男女士浅驼色米色白色粉纯色羊绒围巾羊毛披肩两用超大加厚",
        "sku_properties_name": "颜色:天蓝色;尺码:S",
        "refund_status": "NO_REFUND",
        "discount_fee": "0.00",
        "payment": "105.00",
        "status": "xxx",
        "num": 1,
        "total_fee": "100.00",
        "price": "10000.00",
        "order_status": "0",
        "order_id": "1982737993871827023",
        "order_time": "2015/12/01 15:39",
        "buyer_nick": "睡觉觉加班",
        "buyer_name": "李荣建",
        "buyer_phone": "18282919984",
        "buyer_addr": "山东省,滨州市 人和镇 枫桥新村x巷881983",
        "buyer_avatar": "https://gqianniu.alicdn.com/bao/uploaded/i4//tfscom/TB1UVgJNFXXXXcsXXXXSutbFXXX"
    },{
        "iid": "c327531c3d817b25197f11233e3aba70",
        "pic_path": "https://gd3.alicdn.com/imgextra/i3/179209434/TB2B98sXqzyQeBjSszfXXX7OVXa_!!179209434.jpg",
        "adjust_fee": "0.00",
        "title": "高端纯手工茧型韩版宽松双排扣中长款双面羊毛羊绒大衣毛呢外套女",
        "sku_properties_name": "颜色:天蓝色;尺码:S",
        "refund_status": "NO_REFUND",
        "discount_fee": "0.00",
        "payment": "105.00",
        "status": "xxx",
        "num": 1,
        "total_fee": "100.00",
        "price": "10000.00",
        "order_status": "1",
        "order_id": "1982737993871827023",
        "order_time": "2015/12/01 15:39",
        "buyer_nick": "也是好想吃",
        "buyer_name": "陈信宏",
        "buyer_phone": "18282919984",
        "buyer_addr": "广东省,广州市,白云区 人和镇 枫桥新村x巷881983",
        "buyer_avatar": "https://gqianniu.alicdn.com/bao/uploaded/i4//tfscom/TB1b8sPNFXXXXbyXVXXSutbFXXX"
    }, {
        "iid": "c327531c3d817b25197f11aa1e3aba70",
        "pic_path": "https://gd2.alicdn.com/imgextra/i4/TB1FqCONXXXXXXsXpXXYXGcGpXX_M2.SS2",
        "adjust_fee": "0.00",
        "title": "秋冬季男女士浅驼色米色白色粉纯色羊绒围巾羊毛披肩两用超大加厚",
        "sku_properties_name": "颜色:天蓝色;尺码:S",
        "refund_status": "NO_REFUND",
        "discount_fee": "0.00",
        "payment": "105.00",
        "status": "xxx",
        "num": 1,
        "total_fee": "100.00",
        "price": "10000.00",
        "order_status": "0",
        "order_id": "1982737993871827023",
        "order_time": "2015/12/01 15:39",
        "buyer_nick": "睡觉觉加班",
        "buyer_name": "李荣建",
        "buyer_phone": "18282919984",
        "buyer_addr": "山东省,滨州市 人和镇 枫桥新村x巷881983",
        "buyer_avatar": "https://gqianniu.alicdn.com/bao/uploaded/i4//tfscom/TB1UVgJNFXXXXcsXXXXSutbFXXX"
    },{
        "iid": "c327531c3d817b25197f11233e3aba70",
        "pic_path": "https://gd3.alicdn.com/imgextra/i3/179209434/TB2B98sXqzyQeBjSszfXXX7OVXa_!!179209434.jpg",
        "adjust_fee": "0.00",
        "title": "高端纯手工茧型韩版宽松双排扣中长款双面羊毛羊绒大衣毛呢外套女",
        "sku_properties_name": "颜色:天蓝色;尺码:S",
        "refund_status": "NO_REFUND",
        "discount_fee": "0.00",
        "payment": "105.00",
        "status": "xxx",
        "num": 1,
        "total_fee": "100.00",
        "price": "10000.00",
        "order_status": "1",
        "order_id": "1982737993871827023",
        "order_time": "2015/12/01 15:39",
        "buyer_nick": "也是好想吃",
        "buyer_name": "陈信宏",
        "buyer_phone": "18282919984",
        "buyer_addr": "广东省,广州市,白云区 人和镇 枫桥新村x巷881983",
        "buyer_avatar": "https://gqianniu.alicdn.com/bao/uploaded/i4//tfscom/TB1b8sPNFXXXXbyXVXXSutbFXXX"
    }, {
        "iid": "c327531c3d817b25197f11aa1e3aba70",
        "pic_path": "https://gd2.alicdn.com/imgextra/i4/TB1FqCONXXXXXXsXpXXYXGcGpXX_M2.SS2",
        "adjust_fee": "0.00",
        "title": "秋冬季男女士浅驼色米色白色粉纯色羊绒围巾羊毛披肩两用超大加厚",
        "sku_properties_name": "颜色:天蓝色;尺码:S",
        "refund_status": "NO_REFUND",
        "discount_fee": "0.00",
        "payment": "105.00",
        "status": "xxx",
        "num": 1,
        "total_fee": "100.00",
        "price": "10000.00",
        "order_status": "0",
        "order_id": "1982737993871827023",
        "order_time": "2015/12/01 15:39",
        "buyer_nick": "睡觉觉加班",
        "buyer_name": "李荣建",
        "buyer_phone": "18282919984",
        "buyer_addr": "山东省,滨州市 人和镇 枫桥新村x巷881983",
        "buyer_avatar": "https://gqianniu.alicdn.com/bao/uploaded/i4//tfscom/TB1UVgJNFXXXXcsXXXXSutbFXXX"
    },{
        "iid": "c327531c3d817b25197f11233e3aba70",
        "pic_path": "https://gd3.alicdn.com/imgextra/i3/179209434/TB2B98sXqzyQeBjSszfXXX7OVXa_!!179209434.jpg",
        "adjust_fee": "0.00",
        "title": "高端纯手工茧型韩版宽松双排扣中长款双面羊毛羊绒大衣毛呢外套女",
        "sku_properties_name": "颜色:天蓝色;尺码:S",
        "refund_status": "NO_REFUND",
        "discount_fee": "0.00",
        "payment": "105.00",
        "status": "xxx",
        "num": 1,
        "total_fee": "100.00",
        "price": "10000.00",
        "order_status": "1",
        "order_id": "1982737993871827023",
        "order_time": "2015/12/01 15:39",
        "buyer_nick": "也是好想吃",
        "buyer_name": "陈信宏",
        "buyer_phone": "18282919984",
        "buyer_addr": "广东省,广州市,白云区 人和镇 枫桥新村x巷881983",
        "buyer_avatar": "https://gqianniu.alicdn.com/bao/uploaded/i4//tfscom/TB1b8sPNFXXXXbyXVXXSutbFXXX"
    }, {
        "iid": "c327531c3d817b25197f11aa1e3aba70",
        "pic_path": "https://gd2.alicdn.com/imgextra/i4/TB1FqCONXXXXXXsXpXXYXGcGpXX_M2.SS2",
        "adjust_fee": "0.00",
        "title": "秋冬季男女士浅驼色米色白色粉纯色羊绒围巾羊毛披肩两用超大加厚",
        "sku_properties_name": "颜色:天蓝色;尺码:S",
        "refund_status": "NO_REFUND",
        "discount_fee": "0.00",
        "payment": "105.00",
        "status": "xxx",
        "num": 1,
        "total_fee": "100.00",
        "price": "10000.00",
        "order_status": "0",
        "order_id": "1982737993871827023",
        "order_time": "2015/12/01 15:39",
        "buyer_nick": "睡觉觉加班",
        "buyer_name": "李荣建",
        "buyer_phone": "18282919984",
        "buyer_addr": "山东省,滨州市 人和镇 枫桥新村x巷881983",
        "buyer_avatar": "https://gqianniu.alicdn.com/bao/uploaded/i4//tfscom/TB1UVgJNFXXXXcsXXXXSutbFXXX"
    },{
        "iid": "c327531c3d817b25197f11233e3aba70",
        "pic_path": "https://gd3.alicdn.com/imgextra/i3/179209434/TB2B98sXqzyQeBjSszfXXX7OVXa_!!179209434.jpg",
        "adjust_fee": "0.00",
        "title": "高端纯手工茧型韩版宽松双排扣中长款双面羊毛羊绒大衣毛呢外套女",
        "sku_properties_name": "颜色:天蓝色;尺码:S",
        "refund_status": "NO_REFUND",
        "discount_fee": "0.00",
        "payment": "105.00",
        "status": "xxx",
        "num": 1,
        "total_fee": "100.00",
        "price": "10000.00",
        "order_status": "1",
        "order_id": "1982737993871827023",
        "order_time": "2015/12/01 15:39",
        "buyer_nick": "也是好想吃",
        "buyer_name": "陈信宏",
        "buyer_phone": "18282919984",
        "buyer_addr": "广东省,广州市,白云区 人和镇 枫桥新村x巷881983",
        "buyer_avatar": "https://gqianniu.alicdn.com/bao/uploaded/i4//tfscom/TB1b8sPNFXXXXbyXVXXSutbFXXX"
    }, {
        "iid": "c327531c3d817b25197f11aa1e3aba70",
        "pic_path": "https://gd2.alicdn.com/imgextra/i4/TB1FqCONXXXXXXsXpXXYXGcGpXX_M2.SS2",
        "adjust_fee": "0.00",
        "title": "秋冬季男女士浅驼色米色白色粉纯色羊绒围巾羊毛披肩两用超大加厚",
        "sku_properties_name": "颜色:天蓝色;尺码:S",
        "refund_status": "NO_REFUND",
        "discount_fee": "0.00",
        "payment": "105.00",
        "status": "xxx",
        "num": 1,
        "total_fee": "100.00",
        "price": "10000.00",
        "order_status": "0",
        "order_id": "1982737993871827023",
        "order_time": "2015/12/01 15:39",
        "buyer_nick": "睡觉觉加班",
        "buyer_name": "李荣建",
        "buyer_phone": "18282919984",
        "buyer_addr": "山东省,滨州市 人和镇 枫桥新村x巷881983",
        "buyer_avatar": "https://gqianniu.alicdn.com/bao/uploaded/i4//tfscom/TB1UVgJNFXXXXcsXXXXSutbFXXX"
    },{
        "iid": "c327531c3d817b25197f11233e3aba70",
        "pic_path": "https://gd3.alicdn.com/imgextra/i3/179209434/TB2B98sXqzyQeBjSszfXXX7OVXa_!!179209434.jpg",
        "adjust_fee": "0.00",
        "title": "高端纯手工茧型韩版宽松双排扣中长款双面羊毛羊绒大衣毛呢外套女",
        "sku_properties_name": "颜色:天蓝色;尺码:S",
        "refund_status": "NO_REFUND",
        "discount_fee": "0.00",
        "payment": "105.00",
        "status": "xxx",
        "num": 1,
        "total_fee": "100.00",
        "price": "10000.00",
        "order_status": "1",
        "order_id": "1982737993871827023",
        "order_time": "2015/12/01 15:39",
        "buyer_nick": "也是好想吃",
        "buyer_name": "陈信宏",
        "buyer_phone": "18282919984",
        "buyer_addr": "广东省,广州市,白云区 人和镇 枫桥新村x巷881983",
        "buyer_avatar": "https://gqianniu.alicdn.com/bao/uploaded/i4//tfscom/TB1b8sPNFXXXXbyXVXXSutbFXXX"
    }, {
        "iid": "c327531c3d817b25197f11aa1e3aba70",
        "pic_path": "https://gd2.alicdn.com/imgextra/i4/TB1FqCONXXXXXXsXpXXYXGcGpXX_M2.SS2",
        "adjust_fee": "0.00",
        "title": "秋冬季男女士浅驼色米色白色粉纯色羊绒围巾羊毛披肩两用超大加厚",
        "sku_properties_name": "颜色:天蓝色;尺码:S",
        "refund_status": "NO_REFUND",
        "discount_fee": "0.00",
        "payment": "105.00",
        "status": "xxx",
        "num": 1,
        "total_fee": "100.00",
        "price": "10000.00",
        "order_status": "0",
        "order_id": "1982737993871827023",
        "order_time": "2015/12/01 15:39",
        "buyer_nick": "睡觉觉加班",
        "buyer_name": "李荣建",
        "buyer_phone": "18282919984",
        "buyer_addr": "山东省,滨州市 人和镇 枫桥新村x巷881983",
        "buyer_avatar": "https://gqianniu.alicdn.com/bao/uploaded/i4//tfscom/TB1UVgJNFXXXXcsXXXXSutbFXXX"
    },{
        "iid": "c327531c3d817b25197f11233e3aba70",
        "pic_path": "https://gd3.alicdn.com/imgextra/i3/179209434/TB2B98sXqzyQeBjSszfXXX7OVXa_!!179209434.jpg",
        "adjust_fee": "0.00",
        "title": "高端纯手工茧型韩版宽松双排扣中长款双面羊毛羊绒大衣毛呢外套女",
        "sku_properties_name": "颜色:天蓝色;尺码:S",
        "refund_status": "NO_REFUND",
        "discount_fee": "0.00",
        "payment": "105.00",
        "status": "xxx",
        "num": 1,
        "total_fee": "100.00",
        "price": "10000.00",
        "order_status": "1",
        "order_id": "1982737993871827023",
        "order_time": "2015/12/01 15:39",
        "buyer_nick": "也是好想吃",
        "buyer_name": "陈信宏",
        "buyer_phone": "18282919984",
        "buyer_addr": "广东省,广州市,白云区 人和镇 枫桥新村x巷881983",
        "buyer_avatar": "https://gqianniu.alicdn.com/bao/uploaded/i4//tfscom/TB1b8sPNFXXXXbyXVXXSutbFXXX"
    }, {
        "iid": "c327531c3d817b25197f11aa1e3aba70",
        "pic_path": "https://gd2.alicdn.com/imgextra/i4/TB1FqCONXXXXXXsXpXXYXGcGpXX_M2.SS2",
        "adjust_fee": "0.00",
        "title": "秋冬季男女士浅驼色米色白色粉纯色羊绒围巾羊毛披肩两用超大加厚",
        "sku_properties_name": "颜色:天蓝色;尺码:S",
        "refund_status": "NO_REFUND",
        "discount_fee": "0.00",
        "payment": "105.00",
        "status": "xxx",
        "num": 1,
        "total_fee": "100.00",
        "price": "10000.00",
        "order_status": "0",
        "order_id": "1982737993871827023",
        "order_time": "2015/12/01 15:39",
        "buyer_nick": "睡觉觉加班",
        "buyer_name": "李荣建",
        "buyer_phone": "18282919984",
        "buyer_addr": "山东省,滨州市 人和镇 枫桥新村x巷881983",
        "buyer_avatar": "https://gqianniu.alicdn.com/bao/uploaded/i4//tfscom/TB1UVgJNFXXXXcsXXXXSutbFXXX"
    },{
        "iid": "c327531c3d817b25197f11233e3aba70",
        "pic_path": "https://gd3.alicdn.com/imgextra/i3/179209434/TB2B98sXqzyQeBjSszfXXX7OVXa_!!179209434.jpg",
        "adjust_fee": "0.00",
        "title": "高端纯手工茧型韩版宽松双排扣中长款双面羊毛羊绒大衣毛呢外套女",
        "sku_properties_name": "颜色:天蓝色;尺码:S",
        "refund_status": "NO_REFUND",
        "discount_fee": "0.00",
        "payment": "105.00",
        "status": "xxx",
        "num": 1,
        "total_fee": "100.00",
        "price": "10000.00",
        "order_status": "1",
        "order_id": "1982737993871827023",
        "order_time": "2015/12/01 15:39",
        "buyer_nick": "也是好想吃",
        "buyer_name": "陈信宏",
        "buyer_phone": "18282919984",
        "buyer_addr": "广东省,广州市,白云区 人和镇 枫桥新村x巷881983",
        "buyer_avatar": "https://gqianniu.alicdn.com/bao/uploaded/i4//tfscom/TB1b8sPNFXXXXbyXVXXSutbFXXX"
    }, {
        "iid": "c327531c3d817b25197f11aa1e3aba70",
        "pic_path": "https://gd2.alicdn.com/imgextra/i4/TB1FqCONXXXXXXsXpXXYXGcGpXX_M2.SS2",
        "adjust_fee": "0.00",
        "title": "秋冬季男女士浅驼色米色白色粉纯色羊绒围巾羊毛披肩两用超大加厚",
        "sku_properties_name": "颜色:天蓝色;尺码:S",
        "refund_status": "NO_REFUND",
        "discount_fee": "0.00",
        "payment": "105.00",
        "status": "xxx",
        "num": 1,
        "total_fee": "100.00",
        "price": "10000.00",
        "order_status": "0",
        "order_id": "1982737993871827023",
        "order_time": "2015/12/01 15:39",
        "buyer_nick": "睡觉觉加班",
        "buyer_name": "李荣建",
        "buyer_phone": "18282919984",
        "buyer_addr": "山东省,滨州市 人和镇 枫桥新村x巷881983",
        "buyer_avatar": "https://gqianniu.alicdn.com/bao/uploaded/i4//tfscom/TB1UVgJNFXXXXcsXXXXSutbFXXX"
    },{
        "iid": "c327531c3d817b25197f11233e3aba70",
        "pic_path": "https://gd3.alicdn.com/imgextra/i3/179209434/TB2B98sXqzyQeBjSszfXXX7OVXa_!!179209434.jpg",
        "adjust_fee": "0.00",
        "title": "高端纯手工茧型韩版宽松双排扣中长款双面羊毛羊绒大衣毛呢外套女",
        "sku_properties_name": "颜色:天蓝色;尺码:S",
        "refund_status": "NO_REFUND",
        "discount_fee": "0.00",
        "payment": "105.00",
        "status": "xxx",
        "num": 1,
        "total_fee": "100.00",
        "price": "10000.00",
        "order_status": "1",
        "order_id": "1982737993871827023",
        "order_time": "2015/12/01 15:39",
        "buyer_nick": "也是好想吃",
        "buyer_name": "陈信宏",
        "buyer_phone": "18282919984",
        "buyer_addr": "广东省,广州市,白云区 人和镇 枫桥新村x巷881983",
        "buyer_avatar": "https://gqianniu.alicdn.com/bao/uploaded/i4//tfscom/TB1b8sPNFXXXXbyXVXXSutbFXXX"
    }, {
        "iid": "c327531c3d817b25197f11aa1e3aba70",
        "pic_path": "https://gd2.alicdn.com/imgextra/i4/TB1FqCONXXXXXXsXpXXYXGcGpXX_M2.SS2",
        "adjust_fee": "0.00",
        "title": "秋冬季男女士浅驼色米色白色粉纯色羊绒围巾羊毛披肩两用超大加厚",
        "sku_properties_name": "颜色:天蓝色;尺码:S",
        "refund_status": "NO_REFUND",
        "discount_fee": "0.00",
        "payment": "105.00",
        "status": "xxx",
        "num": 1,
        "total_fee": "100.00",
        "price": "10000.00",
        "order_status": "0",
        "order_id": "1982737993871827023",
        "order_time": "2015/12/01 15:39",
        "buyer_nick": "睡觉觉加班",
        "buyer_name": "李荣建",
        "buyer_phone": "18282919984",
        "buyer_addr": "山东省,滨州市 人和镇 枫桥新村x巷881983",
        "buyer_avatar": "https://gqianniu.alicdn.com/bao/uploaded/i4//tfscom/TB1UVgJNFXXXXcsXXXXSutbFXXX"
    },{
        "iid": "c327531c3d817b25197f11233e3aba70",
        "pic_path": "https://gd3.alicdn.com/imgextra/i3/179209434/TB2B98sXqzyQeBjSszfXXX7OVXa_!!179209434.jpg",
        "adjust_fee": "0.00",
        "title": "高端纯手工茧型韩版宽松双排扣中长款双面羊毛羊绒大衣毛呢外套女",
        "sku_properties_name": "颜色:天蓝色;尺码:S",
        "refund_status": "NO_REFUND",
        "discount_fee": "0.00",
        "payment": "105.00",
        "status": "xxx",
        "num": 1,
        "total_fee": "100.00",
        "price": "10000.00",
        "order_status": "1",
        "order_id": "1982737993871827023",
        "order_time": "2015/12/01 15:39",
        "buyer_nick": "也是好想吃",
        "buyer_name": "陈信宏",
        "buyer_phone": "18282919984",
        "buyer_addr": "广东省,广州市,白云区 人和镇 枫桥新村x巷881983",
        "buyer_avatar": "https://gqianniu.alicdn.com/bao/uploaded/i4//tfscom/TB1b8sPNFXXXXbyXVXXSutbFXXX"
    }, {
        "iid": "c327531c3d817b25197f11aa1e3aba70",
        "pic_path": "https://gd2.alicdn.com/imgextra/i4/TB1FqCONXXXXXXsXpXXYXGcGpXX_M2.SS2",
        "adjust_fee": "0.00",
        "title": "秋冬季男女士浅驼色米色白色粉纯色羊绒围巾羊毛披肩两用超大加厚",
        "sku_properties_name": "颜色:天蓝色;尺码:S",
        "refund_status": "NO_REFUND",
        "discount_fee": "0.00",
        "payment": "105.00",
        "status": "xxx",
        "num": 1,
        "total_fee": "100.00",
        "price": "10000.00",
        "order_status": "0",
        "order_id": "1982737993871827023",
        "order_time": "2015/12/01 15:39",
        "buyer_nick": "睡觉觉加班",
        "buyer_name": "李荣建",
        "buyer_phone": "18282919984",
        "buyer_addr": "山东省,滨州市 人和镇 枫桥新村x巷881983",
        "buyer_avatar": "https://gqianniu.alicdn.com/bao/uploaded/i4//tfscom/TB1UVgJNFXXXXcsXXXXSutbFXXX"
    },{
        "iid": "c327531c3d817b25197f11233e3aba70",
        "pic_path": "https://gd3.alicdn.com/imgextra/i3/179209434/TB2B98sXqzyQeBjSszfXXX7OVXa_!!179209434.jpg",
        "adjust_fee": "0.00",
        "title": "高端纯手工茧型韩版宽松双排扣中长款双面羊毛羊绒大衣毛呢外套女",
        "sku_properties_name": "颜色:天蓝色;尺码:S",
        "refund_status": "NO_REFUND",
        "discount_fee": "0.00",
        "payment": "105.00",
        "status": "xxx",
        "num": 1,
        "total_fee": "100.00",
        "price": "10000.00",
        "order_status": "1",
        "order_id": "1982737993871827023",
        "order_time": "2015/12/01 15:39",
        "buyer_nick": "也是好想吃",
        "buyer_name": "陈信宏",
        "buyer_phone": "18282919984",
        "buyer_addr": "广东省,广州市,白云区 人和镇 枫桥新村x巷881983",
        "buyer_avatar": "https://gqianniu.alicdn.com/bao/uploaded/i4//tfscom/TB1b8sPNFXXXXbyXVXXSutbFXXX"
    }, {
        "iid": "c327531c3d817b25197f11aa1e3aba70",
        "pic_path": "https://gd2.alicdn.com/imgextra/i4/TB1FqCONXXXXXXsXpXXYXGcGpXX_M2.SS2",
        "adjust_fee": "0.00",
        "title": "秋冬季男女士浅驼色米色白色粉纯色羊绒围巾羊毛披肩两用超大加厚",
        "sku_properties_name": "颜色:天蓝色;尺码:S",
        "refund_status": "NO_REFUND",
        "discount_fee": "0.00",
        "payment": "105.00",
        "status": "xxx",
        "num": 1,
        "total_fee": "100.00",
        "price": "10000.00",
        "order_status": "0",
        "order_id": "1982737993871827023",
        "order_time": "2015/12/01 15:39",
        "buyer_nick": "睡觉觉加班",
        "buyer_name": "李荣建",
        "buyer_phone": "18282919984",
        "buyer_addr": "山东省,滨州市 人和镇 枫桥新村x巷881983",
        "buyer_avatar": "https://gqianniu.alicdn.com/bao/uploaded/i4//tfscom/TB1UVgJNFXXXXcsXXXXSutbFXXX"
    }]
}
